runtime,runtime/iter,totalComTime
0.0785523,0.00490952,0.00293386
