runtime,runtime/iter,totalComTime
0.00399584,0.000128898,0.000737192
