runtime,runtime/iter,totalComTime
0.00837125,0.00027004,0.00262442
