runtime,runtime/iter,totalComTime
0.00983023,0.000317104,0.0077351
