runtime,runtime/iter,totalComTime
0.00895587,0.000288899,0.00689938
