runtime,runtime/iter,totalComTime
0.0207522,0.000669425,0.0038553
