runtime,runtime/iter,totalComTime
0.0137798,0.000444509,0.00938737
