runtime,runtime/iter,totalComTime
0.0102426,0.000330407,0.0017945
