runtime,runtime/iter,totalComTime
0.0392296,0.00126547,0.00600943
