runtime,runtime/iter,totalComTime
0.00755026,0.000243557,0.00216188
