runtime,runtime/iter,totalComTime
0.0162999,0.000525803,0.0018578
