runtime,runtime/iter,totalComTime
0.00135506,4.37116e-05,0.000539586
