runtime,runtime/iter,totalComTime
0.00478322,0.000298951,0.00269255
