runtime,runtime/iter,totalComTime
0.00699551,0.000437219,0.000283821
