runtime,runtime/iter,totalComTime
0.0220396,0.00137747,0.00543407
