runtime,runtime/iter,totalComTime
0.0112408,0.000702553,0.00222181
