runtime,runtime/iter,totalComTime
0.000225839,1.41149e-05,0.000143091
