runtime,runtime/iter,totalComTime
0.00126916,7.93222e-05,0.000963821
