runtime,runtime/iter,totalComTime
0.00107045,6.69034e-05,0.000826251
