runtime,runtime/iter,totalComTime
0.000746244,4.66403e-05,0.000342755
