runtime,runtime/iter,totalComTime
0.00160678,0.00014607,0.000284153
