runtime,runtime/iter,totalComTime
0.0770093,0.00481308,0.00848134
