runtime,runtime/iter,totalComTime
0.0140076,0.000875472,0.00521509
