runtime,runtime/iter,totalComTime
0.0577034,0.000191706,0.0576236
