runtime,runtime/iter,totalComTime
0.00160185,0.000100115,0.00110136
