runtime,runtime/iter,totalComTime
0.00025009,1.56306e-05,0.000179323
