runtime,runtime/iter,totalComTime
0.00221424,0.00013839,0.00105813
