runtime,runtime/iter,totalComTime
0.000215152,1.3447e-05,0.000118573
