runtime,runtime/iter,totalComTime
0.000169502,1.05939e-05,0.000150185
