runtime,runtime/iter,totalComTime
0.0182349,0.00113968,0.00940828
