runtime,runtime/iter,totalComTime
0.00267209,0.000167006,0.000729168
