runtime,runtime/iter,totalComTime
0.0151622,0.000947638,0.000461177
