runtime,runtime/iter,totalComTime
0.0442266,0.00276416,0.00833526
